day,energy_kcal,protein_g,fat_g,carb_g,sodium_mg,fiber_g,energy_status,carb_status,sodium_status,fiber_status
1,1599.8,67.99,54.089999999999996,223.02750000000003,149.21499999999997,40.097500000000004,pass,pass,pass,pass
2,1599.9999999999998,79.925,43.795,231.34249999999997,146.34,42.03,pass,pass,pass,pass
3,1599.875,68.5425,43.585,243.43,167.005,40.0775,pass,pass,pass,pass
4,1599.9999999999998,65.65249999999999,43.527499999999996,192.88249999999996,177.015,40.9275,pass,pass,pass,pass
5,1600.2749999999999,68.745,50.5075,224.2025,168.64,40.3575,pass,pass,pass,pass
6,1599.95,77.20500000000001,42.03,238.44249999999997,120.79,40.472500000000004,pass,pass,pass,pass
7,1600.0,74.545,44.46,236.62500000000003,157.04,40.11000000000001,pass,pass,pass,pass
